x_1,x_2,x_3,x_4,x_5,x_6,x_7,x_8,x_9,x_10,x_11,x_12,x_13,x_14,x_15,x_16,x_17,x_18,x_19,x_20,x_21,x_22,x_23,x_24,x_25,x_26,x_27,x_28,x_29,x_30,x_31,x_32,x_33,x_34,x_35,x_36,x_37,x_38,x_39,x_40,x_41,x_42,loss,bo_iteration,epsilon_around_gt
0.1379147469997406,0.2136540412902832,1.8382914066314697,1.9047375917434692,1.4600123167037964,1.8375208377838135,0.24530094861984253,0.34152811765670776,0.16797327995300293,1.3153733015060425,0.36127907037734985,0.04815661907196045,0.9947596788406372,0.2438732534646988,1.0147123336791992,0.7154322266578674,0.4337959885597229,0.6937366724014282,0.43864426016807556,1.1497066020965576,0.10272864997386932,2.6608688831329346,1.2862939834594727,1.0475654602050781,1.1048637628555298,0.8236244320869446,0.37448886036872864,1.766487717628479,1.9954450130462646,1.5962165594100952,0.10870733857154846,0.1394801288843155,2.4804341793060303,0.4370405077934265,0.5233937501907349,1.7249032258987427,1.2440117597579956,0.652235209941864,1.2819762229919434,2.1019125431776047,1.7274879217147827,1.835358202457428,0.8186934242125696,1,1.0
1.4704811259953665,1.4888297475949686,0.14441359283948182,0.8831212628971448,0.37072783287125405,0.6691380305723711,1.5832566468402596,1.4734626442495022,1.4725695812340942,0.8692643305267952,1.144555489222209,1.4904608148517031,1.7549860092124554,1.0669432625626074,0.5213398186847418,1.0263327324029174,1.5304815552451396,1.2553612680146191,1.2538916318103523,0.5438410416998045,1.394435889793165,1.804976478971616,0.6010273430082533,0.45135346867821435,0.5286001448679453,1.4126956535108164,1.2753581856236313,0.8441094075790561,0.19980627478975235,0.34235216571827126,1.288721207416419,1.8906385994920831,1.5901679185905842,1.5900127959973887,1.0448096256063444,0.47637516380560524,0.546834242464316,1.070921924379137,0.9455053372816608,3.969490470308246,0.4663235141773417,2.28107128721295,0.7458911778905333,2,0.98989898989899
1.951046941256282,0.9488825587311175,1.3605501519309149,1.2963147295845876,0.7839889508305173,0.10338410118011514,0.604029412823494,1.494773797314576,1.831172184510664,0.06292985217890355,1.934439471273711,1.6677116083376333,0.2572838421722855,0.9258651071124606,0.31251307358645425,0.40629760665122905,1.147284569162311,0.10925720692282977,1.5499616957674123,1.9039850066406556,0.8409094756299799,1.3209415228679928,1.6768234895937368,1.5422015527282098,1.7502689060538703,1.6070413035575788,0.562839591141903,0.43968628813522026,1.4241342917837274,0.6233787867758008,0.5109207196669144,0.8757196839409644,2.524974803731899,1.3707917326628558,1.6648515017345695,0.7957943804336316,1.6102207441522616,0.42871032098327017,1.8667178888513583,2.9946026248161237,1.019293776666275,2.8468155788652822,0.7602959238640279,3,0.9797979797979798
0.6462860107421875,1.7063832138523911,0.6745137879342744,0.3151243672226414,1.905538847952178,1.4003803368770715,1.1839607701157078,0.6831362175218987,0.5458808089747573,1.5062303254098603,0.5652317278312914,0.8671919504801432,1.0015233357747397,1.740543134284742,1.7715102687026516,1.8069538925633286,0.7586161873557351,1.866803602738814,0.7512320894183534,0.27429788762872864,1.6444605047052556,2.15976518573183,0.39888610261859314,0.9530418280399207,0.3665982448693478,0.17791551532167374,1.5650899482495857,1.477478142940637,0.6403171076919093,1.306195576985677,1.792737325032552,1.1000197439482717,1.4160236011851919,0.6044844425085819,0.16615832935680042,1.0440924673369436,0.19635145591967032,1.8412013198390151,0.3776602889552261,3.1144774465849903,0.7984461928858901,1.2733651074496182,0.834628276706943,4,0.9696969696969697
0.8306767055482576,0.6750981578923235,0.35684413620919897,0.04662075922871483,1.5885618082200639,1.6518060149568499,0.9607092924792358,1.9158271189891931,1.520847247104452,0.6942102698364643,1.6018462385794128,0.7310106471331432,0.30089441212740814,1.2900177722025399,1.565831396314833,1.6180830314905956,0.5344942507117686,1.6399853542597607,1.7399794910893296,1.4655059780737367,0.33263963069578617,2.915238797062575,1.7503872868990658,0.745879645901497,0.21786842397367115,1.8048176464408334,0.7871370508213236,0.6009923020998637,1.629290890212011,1.915321617415457,0.948992214419625,0.4298841661275035,1.1406942685746184,1.170556047950128,1.439468128512604,0.12492062332052177,0.8328018941060461,1.696848618863809,1.494542404858753,3.3622871095483955,0.6060065368209222,2.014615390035841,0.8602306931617,5,0.9595959595959596
1.5051370341368395,1.83652195545158,1.5945501568341496,1.0294744294099132,0.7237472738882507,0.8290942979581427,1.347236647750392,0.8564778506153761,0.8656279619293983,1.122034874829379,0.8574637800756126,1.7518826759222779,1.448458286246868,0.4158298054126778,0.11358536463795285,0.12859564688470626,1.3780420621236162,0.3812796021952773,0.9575079739695846,0.8236628855117643,1.1844585110442805,1.5867499955976854,0.14567118281065813,1.7196043380583172,1.6660960033686472,0.46159436907431084,1.8303288401979385,1.4973832742132318,0.43710219137596357,0.2637338728615731,1.6049515117298472,1.6009565194447832,2.9133294880992233,0.862601071897179,0.9827026285306371,1.7994389871154168,1.385223993147262,0.09976750326277029,0.26622359800820394,2.5253775420815052,1.3306300664188884,1.6385514459224662,0.8855304604827989,6,0.9494949494949495
1.036257104440169,0.4615623905803218,0.8707225358847416,0.689466017665285,0.2341167240431814,0.46515930421424634,0.36795909567312757,0.1871273206038908,0.5040701329708099,1.9026743390343406,0.0930229301253954,1.0958065336400813,0.552880838061824,1.5855414470036824,0.8583854292378281,1.4371631253849377,1.7436218803579158,1.0454102682344841,0.2755394487669973,1.6689659682187168,0.5370245070168467,1.1324989585713907,1.18227557702498,0.28702432549361023,0.946895445838119,0.6292509526917428,0.13834508056893488,1.2208471767830127,1.2051195159102932,0.945089416070418,0.4478330368345434,0.6324252088864644,1.9159305601408987,0.1872172861388235,0.4035705815662037,1.373292214942701,0.4807263793367328,1.4316749897870151,1.1530444911032012,3.4849273074756972,0.21406833782340537,1.1027631830762732,0.8955367719967716,7,0.9393939393939394
0.3720441900118433,1.1365317961182257,1.1484272793085888,1.6280721847457116,1.0282567438453136,1.0661324346908416,1.9142110708988074,1.0558934500723174,1.1522349107145058,0.5188292060235534,1.4130742236821339,0.4504861494507453,1.6813174305540142,0.7120954966304278,1.3434119947028882,0.7923430096019398,0.23262752125961614,0.9998107871623955,1.041526568056357,0.1654130741201266,1.9205724109302866,2.432567687949749,0.884586594321511,1.2450833561444523,1.3967028820153438,1.1255262114784934,1.0500251933781788,0.24394194766728566,0.9718655022707853,1.2187678163701838,1.2067997720506456,1.3419753951255722,2.021446078714698,1.776670176573474,1.7663538672707297,0.6687104774243904,1.7215377875048705,0.7714886087359805,0.595060266629614,2.4356501126530197,1.8351754949550436,2.544836925737785,0.8290391852003502,8,0.9292929292929293
0.4590254832397807,0.8164830689478402,0.9283282792929446,1.1491526244866725,0.4635897983204234,1.2460742117178558,0.7924525117633318,1.7628119762497718,1.614919587819263,1.6121659375200368,1.297114155509255,0.24783931130712678,1.3278633235680934,1.5803664814342149,0.49412321081065164,1.4916107329455288,1.0995246798101097,1.802630329372907,1.8807386665633228,1.7461114652229077,0.44441100202425554,1.660530747187258,1.0630218838200425,0.6075806708046884,1.5147633107021599,0.9297459763709944,1.429450446909124,1.6376976340708103,0.38475760064943865,0.8091455716075319,0.8534823547710071,1.1683199152801973,2.290700330878749,1.0538833370112408,1.2136694566167967,1.2539331274803236,1.3286325486019401,1.8247996797465311,1.776448626710911,3.6942858599653148,0.3755727852835799,1.889093036001379,0.8606809578840585,9,0.9191919191919192
1.1836551319469106,1.4695740613070405,1.0858879089355469,0.2607083239338615,1.2347524599595503,0.2915612730112943,1.391182682730935,0.976662343198603,0.9803052707151935,0.22209613702513958,0.24585433168844747,1.326729579405351,0.45613481781699444,0.5969887213273483,1.8697799119082368,0.29337031461975793,0.9912746386094528,0.2475449226119302,0.7892662070014261,0.44448129697279504,1.0889741290699353,2.702383409846913,0.7730291973460806,1.8399232951077549,0.160406535322016,1.2984684163873847,0.48666960000991827,0.6663863008672541,1.5521573803641582,1.0269343636252666,1.476950081911954,0.9254298210144044,1.7586438330737026,0.9732273817062379,0.7369059649380771,0.5729487050663342,0.9405104463750666,0.37890727411616937,0.43882939490405004,2.2114663124084473,1.5605147101662378,2.4419868642633613,0.803407254779621,10,0.9090909090909091
1.6264972819222345,0.1324688567206113,0.4544763540980792,1.4617514261091598,1.7614803482787778,0.5762443265529593,0.43973545654855595,0.10928086770905387,0.4149858497007929,0.9505128426985308,0.9820801796335162,1.4938639799753826,1.5340856109002623,1.4053481853369512,1.2125608716348204,1.3201786026810154,0.3916279258150043,1.4260847544429278,0.13856781808414842,1.0198890849797413,0.6958179281215475,2.2485841982292403,1.8149429005805893,0.1684301464696123,1.2862360489488853,1.5624900466263896,1.5812342564264934,0.18606563017825886,0.7915284428933654,1.7300161604929452,0.37079560214822943,1.7403474721041592,2.5728637967446835,0.10102898098829417,0.17049162910141125,0.28908696815823065,1.8800986547662755,1.1473114526633061,1.401720121653393,3.132960914361356,0.9337420770616243,2.82008321116669,0.7828913418530914,11,0.898989898989899
0.9184716012742784,1.222839567396376,1.50176207224528,0.5734531084696453,0.9456375439961752,1.8727890650431314,1.695945103963216,1.1641432444254558,1.0290620591905382,1.4423357645670574,1.458267953660753,0.9935890833536783,0.6857865121629503,0.43158955044216585,0.7620140181647407,0.9262852138943143,1.6284285651312933,0.5929872194925945,1.2059983147515192,0.7012104988098145,1.7401891284518771,1.2307891050974529,0.31089345614115405,1.378511004977756,0.8239643308851454,0.19550415542390615,0.7688156233893501,1.0405718485514321,1.0398303137885199,0.12040020194318564,1.103051609463162,0.19167080190446645,1.3884429931640625,1.8592279222276475,1.5473438898722331,1.8490730921427407,0.38247492578294545,0.6575155787997776,0.8181774351331923,2.7966970337761774,1.1211123996310763,1.517110824584961,0.8096520688051315,12,0.8888888888888888
0.6456804528380886,0.4061719612641768,1.3809410767121748,0.8343457200310448,0.568706340862043,1.216437477054018,0.167484772476283,0.5307592948277792,0.15791457643111548,0.41184917634183715,0.7195444594730032,0.6530004306273027,1.7709920550837661,0.844050761425134,0.9113353364395373,0.6538303891817729,1.8493218096819795,0.7963656223181523,0.34232588699369726,1.5139367363669658,0.29619974214019196,1.9877783692244329,1.4976418921441743,1.1190206137570469,0.7626708764018435,1.7964454094568891,1.8219643433888755,0.8907850493084302,0.1677959283644503,0.6920359821030588,0.3357860414367734,1.3662805882367222,1.2887041478446035,0.38682813897277374,0.8189562089515455,0.923293968041738,0.7479604175596527,0.981676170320222,1.0686506936044404,2.7663136323293047,1.435309045242541,2.1892410263870703,0.8561676548413886,13,0.8787878787878788
1.6588585858393197,1.0945330605362402,0.6568348925523083,1.6850863056953507,1.5797848147575302,0.35872364405429724,1.5611765047516486,1.306473980046282,1.3105805787173184,1.740251690450341,1.730653955478861,1.7887247981447163,0.8814218598182755,1.8608866508560953,1.3320350093070907,1.14508980934066,0.19016139134012083,1.1874733332431677,1.3852930044887042,0.32786161941711345,1.267066331824871,2.5185217688782044,0.3533536936297561,0.4455683267477787,1.129188648378006,0.4040527536411478,0.9715127499416621,1.8270258518180462,1.6592575853521174,1.3631410237514612,1.3800435668290263,0.7262430480032256,2.7472218070367367,1.6314224763350054,1.2346840988505972,1.1378707452253862,1.0073931409855081,1.2647675022934421,0.708918516081993,3.3096737428144976,0.7321397595935397,1.7091635802779535,0.8110863517164586,14,0.8686868686868687
1.2279959543786867,0.6481329955235876,1.7725214235710376,0.481110130295609,1.1612055181252836,0.989322598534401,0.7157133287853665,1.5413098949374575,1.833792355325487,1.0511443855786564,1.020414295822683,1.1904981846761222,1.1199035512076483,0.14263478433242954,1.569107923844848,0.386013439207366,0.7790222306444188,0.4715824422210154,1.6425011519229773,1.3214084018360486,0.9961674514442983,2.0932466381728045,1.35356353027652,1.5472461743788286,0.4768274658256107,0.6922987548991887,1.2059909129383588,1.2466859359933873,0.6699379911326399,1.5481450244633839,0.6960978345437483,1.5047584663737903,1.7958006461461387,1.222620970070964,1.7614507879873718,1.5184043657900106,0.22039299939919002,0.3256350373378908,1.622615808188313,2.461453951368428,1.650561632532062,1.3551644938762741,0.8290391852003502,15,0.8585858585858586
0.23469281106284168,1.7417670885721845,0.21263466369022022,1.3283838358792392,0.23293436566988626,1.427043900345311,1.0104356679049407,0.6171016765363289,0.713895270318696,0.5813925410761978,0.5725557081627124,0.3977373332688303,0.25207926287795557,1.1573900164979878,0.30483520392215613,1.8253814957358623,1.2921020045424956,1.4835313161214194,0.6236100485830596,0.9587525960170863,1.4328211293076025,1.5739412741227583,0.7645112890185732,0.8843503793080649,1.8246290611498286,1.0932491909373891,0.27585438526037964,0.4501516493884,1.2727682084748242,0.5168913024844546,1.809094862504439,0.42786313909472845,2.158727992664684,0.7516918326869156,0.514054045532689,0.45508219979026104,1.54094139734904,1.4317275249596801,0.15280925821174274,3.635568821068966,0.19866495421438504,2.539646509921912,0.8955367719967716,16,0.8484848484848485
0.20406583049381627,0.5923465165224941,1.0026425966108687,0.7558288104606397,1.8338530159959885,0.44551435022643116,1.4625753381035542,1.6073638670372237,0.9010567893885602,1.1655057427859066,0.5283951238550321,0.7093603466496322,1.5280593838354553,1.3004634645250106,1.767636786807667,0.7318548493915134,1.1700520563607264,1.3484254786462495,1.4748137755827466,1.1646518285828407,1.0338869215262054,1.193482688806876,0.7244076861275567,0.37953671030323916,0.6541344150148256,0.6019177214063779,0.17343733023212418,0.39342171104267387,1.4513571202152904,1.378504466528844,0.9243686271436286,0.9879579008227646,2.260645817024539,1.1741619182355474,0.5362009080973538,0.6838355678500551,1.4576866193251172,0.7594546976715627,1.262514354002596,3.3995040197565096,1.2546668185128103,1.5125119348969123,0.774432782385653,17,0.8383838383838383
1.27850640422166,1.6579795654373939,0.9641184421500775,1.5797033285853839,0.8644855504084115,1.1382246378696326,0.2918984531754195,0.651911822232333,1.5726760734211316,0.7800583670837711,1.0740163398511482,1.6916589472028944,0.6785902627790817,0.5490362427451394,0.5263039806876519,1.1034211125036681,0.8635255604079275,0.6698625244275488,0.6929552085471876,0.6832964107243702,0.5537694451784847,2.352727923730407,1.3955574493215541,1.1964861816830106,1.0345366338286737,1.2008183556373673,1.0888310417984473,1.276227112972375,0.39830561840172973,0.7892676062054105,1.6005033916897244,1.186674091551039,1.700416174801913,0.8005427122116089,1.8154755890971483,1.3055927849779225,0.37707959521900525,1.0069139027836347,0.9286070074697937,2.667796608173486,0.5923751628760136,2.7969314160973138,0.8665131082402175,18,0.8282828282828283
1.6896016922864046,0.4105725234205073,1.4358689134771174,0.2825683226639575,0.4273262836716392,1.4775586344979026,1.1389500336213545,0.5377396616068754,1.0635608434677124,0.5177595696666024,1.63805860822851,1.0172568451274526,1.3144997358322144,1.4392553242770108,0.7123384475708008,0.5840338820760901,0.573665973815051,1.6542877283963289,0.5365828736261888,1.793069611896168,1.6343401887200095,2.7607522119175307,0.44475774060596124,0.8052155429666693,0.41428928483616223,1.6462016972628506,0.8514477068727667,1.7651813680475408,1.0825726335698906,0.5610716857693412,0.5494245101105084,0.18303454989059412,2.6016660061749546,0.36777416007085284,1.2881685387004504,1.7551090392199429,1.1369473500685259,0.574234041300687,1.8004462718963623,3.5033368088982324,1.776496876369823,2.318783760070801,0.8461536535688096,19,0.8181818181818181
0.6374726536298039,1.0482832783400409,0.5842029109145656,1.0816388563676314,1.316661198933919,0.9286400669752949,0.6066564502138079,1.2091500253388374,0.40288093354966903,1.7309438724710482,0.7939693084870926,0.5703545483675869,0.4947582784325185,0.7169161324549203,1.1074736046068594,1.6445378004902538,1.4944950643211903,0.39130752977698735,1.299508065888376,0.4586453534135915,0.7797273867058031,1.6298169608067985,1.4162455086756234,1.597354137536251,1.6706171324758818,0.5527919855984774,1.6358200612694325,0.9904989473747483,0.8675734587390013,1.5931286859993983,1.1088468956224844,1.6234452218720405,1.4468084489456332,1.6482146484683255,0.8619196150037977,0.33481751066265686,0.6918483213944868,1.6515338204123755,0.4056383046236905,2.5890934298736883,0.38513230795812126,1.9963043193624477,0.8201118949687217,20,0.8080808080808081
0.9919618970215923,0.29053254696455866,0.6080200280806031,1.2595627392181243,1.069679476998069,0.34293188380472583,1.2196577943936744,0.28396460782698907,1.2002087795373164,0.8390642868147956,1.4583789603878754,0.26181026962068343,1.083879120422132,0.32845278219743207,1.396874188172697,1.5918313132392037,1.6957206003593677,0.5550396222658831,0.3199851825983837,1.3248915058193784,1.2926532897082241,1.4661809570259519,0.33493011918934906,1.7561329386451028,1.5108614497714572,1.4055950147937042,0.686595269525894,1.073216093911065,1.6511655817128192,1.0966620433210124,0.20620470988855816,0.7755910597666346,1.3505994805482904,0.5739295780658722,1.407191524601946,1.1509212123023138,0.5225429471695062,1.5285916220058096,1.486000682368423,2.2123148611586805,0.5047146994056124,2.5894435403322933,0.8238825442520805,21,0.797979797979798
1.5156229987288967,1.2608021317106304,1.3634735743204753,0.47410357359683875,0.40556793592192913,1.250013069673018,0.9459213668649847,1.170316472198024,0.26459179863785254,1.2056514205354634,0.9325320612300526,1.3005915410590894,0.3336877542914767,1.0236365289399119,0.9773068283543442,0.24968249870069104,0.38769855192213354,1.4026218688849246,1.0622509681817256,0.8165106195392031,0.3157898765621764,2.147737979888916,1.773200020645604,0.6449523044354988,0.40655389879689074,0.39212910966439685,1.4050523945779512,0.22725440121509816,0.30825695395469666,0.8593855698903402,1.2467066230195942,1.3874161965919263,2.6011637340892446,1.394657243381847,0.2514836851394538,0.9551341750405051,1.647586793610544,0.3020992676417033,0.3173182064836676,3.7013597560651377,1.5381464524702593,1.3119916870738522,0.8981287796518761,22,0.7878787878787878
1.1165117157830131,0.8798446853955586,0.2543340648214022,1.7586285670598345,0.7207514709896511,1.7258512443966332,1.681142833497789,1.6209494405322604,0.7632110913594563,1.4611822101804943,0.40251605212688446,1.5378671354717675,1.6613958676656084,0.9825390974680581,0.37045211593310035,1.334532300631205,0.6788000398212009,0.8772914542092216,1.6627502971225314,1.4932351244820485,1.4428218470679388,2.543881403075324,0.8640380634201896,1.3496338923772173,1.3804928726620145,0.8491843541463215,0.4453148014015621,0.8021331363254123,1.1971365213394165,0.3019262651602427,0.6922553711467319,0.42941441800859237,1.8921178115738764,1.3655229409535723,0.7415002584457396,0.42688183983167005,0.8292411035961574,1.3094120290544295,1.1509841150707667,2.926483538415697,0.8972431421279906,1.7736820975939434,0.8615807813999474,23,0.7777777777777778
0.6063587521061753,1.4338266440112184,1.7638303342491692,0.9997252286082567,1.4215827758866126,0.6727653922456684,0.44873819086286765,0.9085219460304338,1.6811597901161273,0.3081303943287243,1.1987733311123319,0.8187383690265695,0.9164879827788383,1.6398694972799284,1.5494681994120283,0.9038783781456226,1.3372952673170304,1.1081203691887134,0.9392945116216487,0.2743460248516064,0.944681632398355,1.8792768439861258,1.0079570683566008,0.2717331628305744,0.9098949793613319,1.3545921836236512,1.244460606815839,1.5196295362530332,0.6618079850167939,1.646120466367163,1.61113092634413,1.3893045271285858,2.145478296761561,0.6618387337886926,1.1094667261297055,1.3908954100175337,1.3461905392733486,0.8604710415156201,0.6415298563061339,3.0221551307524095,1.0537558083582406,2.1226717679187503,0.7178340765779757,24,0.7676767676767676
0.4523228343689081,0.6029508610566456,0.415139684622938,0.6076131183089633,0.9105490518338752,0.8235483061183583,1.3484688021919944,0.4152840114001072,1.2886661074378274,1.5926990147792932,1.2877593943566987,0.6377627506400599,0.2567729289558801,0.8237831122947462,0.7003471761038809,1.4315375378637603,0.4535327635028146,0.25562495393960766,0.30747579218763293,1.6506516174836592,1.3472466360438953,2.0055595780863906,0.9618850422627998,1.6512498313730413,0.2539717731150714,0.7892003167759288,1.1297485647779522,0.3945812637155706,0.34787140651182696,0.3427889590913599,0.34898603594664374,1.7132625037973577,2.3007034460703535,0.4963500987399708,1.6040415077498464,0.527603139479955,1.70486610585993,1.7272694146994387,1.568849751443574,2.7239455129161025,0.733392803957968,1.5261887483524554,0.8642746309584208,25,0.7575757575757576
1.0819344207493946,1.1432147989369401,1.6028899448086515,1.3656781875725947,1.5876800074721826,1.5382400257418853,0.900309707179214,1.0685096316867404,0.3948418190985016,0.4591488585327611,0.3230095273918576,1.7214121529550264,1.1673245478158045,1.687098259877677,1.0855828632007944,0.3466320784405025,1.4713161232495549,1.7238345868659741,1.1054028742241138,0.6015061910706337,0.2791071369340926,1.548508098029127,1.1008056317917023,0.7259271674686008,1.4647274523070364,1.001908470885922,0.4019920244963483,1.09632556366198,1.690491502935236,1.690988090303209,1.34304412206014,0.4069803751478292,1.653676334053579,1.475135381775673,0.4465750311360215,1.47110458576318,0.5168832215395841,0.44356810685360076,0.6087257765760326,3.192994808909869,1.3099665738115407,2.56801913964628,0.8295063811716112,26,0.7474747474747474
1.4547295449960114,0.8092059360610115,0.7780694485914829,0.8662525776660804,1.2406126284840133,1.0216426536290335,1.6092844659631904,1.6805065472920737,0.6878551726389414,0.6885303463598695,0.8427446918054061,1.1143297390504316,0.83726027878848,0.32811811355629356,1.6139464257943512,1.1903439627753365,1.0406885123012044,0.7311572251897871,1.6740156147215104,1.051086855657173,1.5341925958190301,1.9261669715245566,0.2928987358405133,1.2695548233359752,0.8998372621006436,1.7043216059906316,1.719384985740739,1.4458276418724445,0.7800758071620055,1.106070046473031,0.8153028488159181,1.0380447777834807,2.432895617051558,1.2615577813350796,0.9203071738734391,1.0559014130120326,1.2280021484452066,1.165695946625989,1.3064241782583372,2.4648732278082104,0.34001774822521696,2.25195222430759,0.7995400493899183,27,0.7373737373737373
0.838747501373291,1.6963168057528408,1.2012299624356357,1.6130389300259678,0.6222643852233887,0.6237026127901943,0.6239114241166548,0.8220754536715421,1.5528152639215642,1.0832930478182705,1.501343467018821,0.5147866119037975,1.7104839845137163,1.1636774756691672,0.5080376538363369,0.9658704670992765,0.932144511829723,1.230771238153631,0.8974031535061923,0.812225731936368,0.8330096331509677,2.3718466325239707,1.6224477941339666,0.3739942203868519,1.1873948357322,0.4911782091314142,0.9123944369229403,0.6629951216957786,1.353689974004572,0.936412594535134,1.6778900840065696,0.843282092701305,1.621317733417858,0.766278700395064,1.3018315922130237,0.870546427640048,0.9874106753956188,0.6737515276128596,0.8739966045726429,3.473289576443759,1.6054567857222124,1.8467997204173696,0.8134712035312149,28,0.7272727272727273
0.7967230575253266,0.9277419791077123,1.5173499102544303,1.4407460821999443,0.30807002607469613,0.8203024298253686,1.5337808264626396,1.4295524142005227,0.8220311945134944,0.43585008668779124,0.7249190500288298,0.422829592920313,0.8180763920148214,1.5134037853491427,0.32636321847788013,0.6472094058990479,0.7633996455356329,1.0877355132440125,1.4506040847662722,1.3631656615421026,1.0978459782070584,2.2602378623654142,0.603291870668681,0.585511032981102,1.1524019650738648,1.5285159638433745,1.5019943316777546,1.2769898922756464,0.6262378000249766,0.4998934723512091,0.8590764391301858,1.508002475054577,1.2986081604554196,1.0663559749872997,0.45335192692400234,1.5806149521259345,0.2916112616846357,0.9407882064279884,1.0335369748298568,3.6051935728150184,1.3843331758422082,2.3862489148823904,0.7932156296307646,29,0.7171717171717171
1.656169520484077,1.483135105383517,0.5043342643313938,0.7211364965246182,1.0925586922000154,1.5408719934598367,0.35528816899867977,0.7908879109103271,1.4013404220041603,1.508419479986634,1.6319822566677828,1.1863951273638795,1.3607066111131148,0.7138205561975037,1.3769271783154422,1.1435411337650185,1.214637638342501,0.9468745005251182,0.6940504782127612,0.4199129863820895,0.5542904192751105,1.4485818436651519,1.4529331188009245,1.0503604701071074,0.7643016865759186,0.3061675959163242,0.7675644869756217,0.6058161270738853,1.5007756960512415,1.3541240306815716,1.4330797628922896,0.6042293791819101,2.6445744182124287,0.9139887816978224,1.4935890135138927,0.33236901544862324,1.5071209175418123,1.260863882122618,0.7852447358044712,2.4494286570886166,0.48886235555013025,1.3501310381624432,0.814423188881583,30,0.7070707070707071
1.2947452176700938,0.39595905036637274,1.1307083223805283,1.151490771409237,1.50994801160061,1.3376699722174443,1.0675430839711968,0.5194447293426051,1.1370032772873389,1.2968729481552588,1.1458694718100808,1.4025941256320837,0.6415479110948967,1.2764689524968467,1.1744293660828562,0.5258517870397279,1.6179853569377554,1.505172270717043,0.5620454305952245,1.2062399712475864,1.6501756617517183,1.8130999514550874,0.6841016068603053,0.9497700568401453,1.6336028937137488,0.9589299993081526,1.2645313450784395,0.8570351058786565,0.94165125579545,1.1967338540337302,0.5380282645875757,1.1998313557017934,1.9740334875655898,0.37023703708793176,1.0560419234362515,0.8161353053468646,0.7447079853578047,0.40812230697183893,1.440065911321929,3.1647907278754497,1.1470910744233564,1.6549690474163403,0.8597801926368722,31,0.696969696969697
0.4597015519334813,1.2870348679898966,0.8393937698518387,0.44726808685244934,0.7097051986540207,0.3132941184019802,0.7875886854499278,1.2639738670503249,0.5798094886721987,0.9235956957845977,0.5184977187050713,0.9177762402428521,1.1764333609378699,0.5135012299123437,0.8494517610530661,1.6016615472658715,0.32587852750462715,0.512013715927047,1.297161762160484,0.9345531102382776,0.706224759419759,2.6007585621843434,1.2424895691149163,1.3963923550615407,0.6256145696447353,1.1946213702962856,0.6398107921234285,1.582005900566024,1.1000643065481475,0.670147524939643,1.019267530152292,0.6901733562199757,2.0711937576833397,1.6435538157068117,0.7289893506753324,1.3365795829079368,1.0604022343953452,1.392300591324315,0.37858339722710427,2.9038431018289894,0.9832965364359846,2.075618286325474,0.7694137224965298,32,0.6868686868686869
0.48163915026669557,0.9984405540456676,0.6157882809638977,0.9746960238976912,1.0292071694075458,0.6401563837672726,1.1046354794743085,1.074294717624934,1.498138888917788,1.210769614788017,0.8735657581175217,1.5923874474535085,0.614305236122825,1.5048219290646638,0.48715170841626454,0.6972128682666355,0.46755957272317683,0.7764501812482121,0.9332464030294707,0.6694267434303207,0.9730940611675533,1.7880021183177677,1.563803185116161,0.9891044509531272,1.3112869371067393,0.8047620377155266,0.36376514082605194,1.2968467233156917,1.4636116364989618,0.3698711942392167,1.0309092926256584,1.6295291992148966,1.4232146562349917,0.36804511586222993,1.6362414444335782,0.5162280096550181,0.42533308282645066,1.5255542222899618,1.3191773084679035,2.7950143609384095,1.3110081174156882,2.173037630138975,0.8360197113101381,33,0.6767676767676767
1.2527052561442056,1.4783546129862466,1.4024689992268877,1.625562826792399,0.42590558528900146,1.031020959218343,0.707181453704834,0.460992713769277,0.9514180421829223,0.836493174235026,1.4406132698059082,0.7150248686472574,1.21758762995402,0.7131029367446899,1.4842447439829507,1.1578659216562905,1.5433456103006997,1.2314708232879639,1.5608510176340737,1.1215759913126626,1.3583926359812417,2.5297952493031817,0.34599231928586965,1.3484785556793213,0.9402594963709512,1.0371768474578857,1.0618242422739663,0.5934083461761475,0.5846834778785706,1.5752909978230791,0.5698204437891642,0.4472765326499939,2.5239195028940835,1.6029434998830157,0.6634132067362467,1.3542466163635254,1.380603233973185,0.6312181750933329,0.8371958732604979,3.2157790660858154,0.8187430302302041,1.9065589904785156,0.8182200541676675,34,0.6666666666666666
1.5766698025693797,0.4960151635336153,0.933361185319496,0.5809396950885503,0.8185527445089937,1.4622684765343714,1.3329517142941252,0.8620076582889364,0.5441699088221849,0.3952093890520057,1.308950844437185,0.513210988405979,0.7878089848190847,1.2775745560424496,1.2913624529886727,0.5862940977318118,1.3281035146327933,0.3785008261300097,1.064802591246788,0.5296000290398646,0.4920293286894307,2.185819659570251,1.1150179270542029,0.6573661899927891,1.4388778679298633,1.6422150074833572,0.9109976580648711,0.90233076642258,1.162487987316016,1.0528687238693237,1.3701573008238668,1.0463484694259335,1.892345555502959,1.0819439117354577,0.8996623507653824,1.1493083949040885,0.6910268098416954,1.027010537157155,1.5409120309232462,2.566462289805364,1.5195453732904762,1.533055554134677,0.7474478220419217,35,0.6565656565656566
0.8238181297225182,1.2920489070391414,1.045792165428701,1.2291677455709438,1.3680651886294586,0.8591127877283579,0.4590467973188921,1.583777302443379,1.0794139052882339,1.3904979975536615,0.35709458408933703,1.1230205959743924,1.3657366049410116,0.5230031446977096,0.9757821439492582,1.6044100366457543,0.7419827393811158,1.6420312746606691,0.45618745052453247,1.5777828332149622,1.1761154020675506,1.4666776368112275,0.9930569427181976,1.0109662142666904,0.4944803642504143,0.5202511874112217,1.4990983442826704,1.5113318086874605,0.9608676794803503,0.9035677283701271,0.8413558343444207,0.8988598139599117,2.148918614243016,0.9407268485637627,1.2185436980892912,0.987863444318675,1.1294057056157276,0.8337245131983901,0.62405584316061,3.4605033951576307,0.3669859050500273,2.536670260959201,0.8369460492245663,36,0.6464646464646464
0.8669130693782459,0.6035959801890634,1.5875317291779951,1.0406449708071621,1.5662476366216485,0.39445118470625445,1.5887861576947295,0.8388006632978264,0.4372501183639873,0.8046900846741416,1.1115414229306306,1.2099948687986892,0.8950947739861227,0.8751449530774896,0.7892406853762539,1.39452034776861,0.9062143618410283,1.4383210377259688,1.2078360319137573,0.9018946019085969,0.7673518332568081,1.9671690734949978,1.2094130949540571,1.1888565041802144,0.5233522301370447,1.4431864998557349,0.7408363277261907,0.4481218037280169,1.6125394322655415,0.6748825067823583,1.561803806911815,1.423700375990434,2.173821796070446,1.205256245353005,0.36467625166882167,1.5720272172581065,1.5059925101020117,0.9051085439595308,1.4461758570237593,3.4990781328894873,0.5860925452275709,1.7396934140812268,0.8511753810597579,37,0.6363636363636364
1.3536911974049577,1.098623615322691,0.43364802288888676,0.4275868533536641,0.871065171077998,1.2750400148256862,0.5419844118031588,1.3577175622034554,1.187555944076692,1.1562704654655072,0.5835259707287104,0.4691393074363169,1.5684239093703454,1.5550537831855542,1.1095185111267398,0.48959889134975393,1.1479304583385739,0.5395356284247504,0.6146842722940926,1.2857978416211677,1.5434439784348613,2.3680672428824687,0.7006961950147994,0.5053172948384526,1.5395619989645601,0.3986112740304735,1.350643353028731,1.1233439662239768,0.5148645413644386,1.431707278646604,0.812854852339234,0.6466796392142171,1.7873551267566103,0.7795816864630188,1.3473863962924841,0.46937877692357455,0.6849240016455602,1.2678373221195105,0.3999860375517546,2.472618562705589,1.3687578885242193,2.0247929915033205,0.8642746309584208,38,0.6262626262626263
1.0415613049208514,0.7800586596883909,1.2429962928849037,1.449321580655647,0.5800730670341337,1.4999676726081155,1.1795634970520483,1.2528606279931886,1.5769701726508862,1.5655443909192326,0.7028044389955925,0.976803284702879,0.43819076304483895,0.4585539729456709,1.5503977416741728,1.186418642901411,1.3542939135522554,1.0542359207615708,0.798795835538344,0.4293682324615392,0.6492911959537352,2.0516721455737796,1.417915848770527,1.4873750294097745,0.7656243864936059,0.9952969298218236,0.5514641006787618,1.3282202963877205,1.2465375697974004,1.2889459253561617,1.293372594948971,1.2076038700161558,2.438604318734371,0.6090560702964514,1.0965778020897297,0.7428416477309333,1.2565375710978652,0.4358068952205205,1.060534078665454,3.1065578978471082,0.9381312583432053,2.384681965365554,0.7980850162471087,39,0.6161616161616161
0.5730404420332476,1.5593638709097197,0.7368008440191096,0.8412755041411428,1.2865296421629009,0.8193540356375955,0.9301701964754047,0.5550876675230085,0.8449486313444196,0.6317604816321172,1.6003945524042302,1.3145152872258965,1.101819760871656,1.1140379183220142,0.6291965065580426,0.9919547095443263,0.6710612918391372,0.9363221182967677,1.3729223482536548,1.4514526598381272,1.0426868236426152,1.6633241393349387,0.6880427635077275,0.8207990689711138,1.0054761135216914,1.1666876764008491,1.2208776185006807,0.7627566799972997,0.7957007812731194,0.8230530998923562,0.4900889739845739,0.7434452808264531,1.6088213812221182,1.4045965454795144,0.7876307097348301,1.1992982084100896,0.9199150547836766,1.381680474136815,0.7748094616514264,2.8790720376101406,1.0983519987626509,1.4003883038054814,0.8479831771178553,40,0.606060606060606
0.6692837853022298,0.41620129598963146,1.1960728361149027,0.5355292016809637,0.4513665600256487,0.9372753230008213,1.5201096257778133,0.7742470743680242,0.5441211645651346,1.4224881752572882,1.5189840059087736,1.4534079101350574,1.4748854107326932,0.4813881399053516,1.1835556078438807,1.4160793032309025,1.1539614814700503,1.4594998552341654,1.232208473513825,0.6541208636881126,0.7273105232402532,2.3901233360020804,1.3294368380247947,1.2362188317558984,1.522092887849519,0.7219883745366877,1.0909465900575273,1.0137772632367685,0.4160898602708723,1.1579873983306115,1.4640360805723405,0.933558908977894,1.4409457889921737,1.2609129168770532,0.5875555878937847,0.8281175120912418,0.5610162257546127,0.7148426349716959,1.5416639958969274,3.245017905427952,0.7708255991791235,2.2739999173867584,0.7724290719584145,41,0.5959595959595959
1.0985704070389875,1.178232111112036,0.780588605187156,1.1421872389436971,1.1392080133611504,1.3502028060681892,0.6874814153921724,1.4075832439191414,1.2496828912484526,0.5513734155231051,0.7984836535020308,0.8175523943371243,0.9780704469391794,1.0322557145898994,0.8745189616174409,0.42174757900412635,0.7897393282013709,0.5398959538551292,0.6026348754613087,1.455910350337173,1.5642692922341703,1.860784828060805,0.6249318905551025,0.4765786453328951,0.6991533546736746,1.1120005978478327,0.5605492983201538,0.46560438805156285,1.4644878633094556,0.7403999639279915,0.7577952736555928,1.0882970443879714,2.519822274795686,0.7240165279369162,1.4411022205545445,1.2727293920035314,1.567192715827865,1.1125455576964098,0.6004665945515488,2.7289704734628852,1.1883632101193822,1.9470136719520645,0.7648684096660754,42,0.5858585858585859
1.3840487292318633,0.858728062022816,1.4961261496399387,0.7538361422943347,1.3735586621544578,1.0873113437132402,1.2725256103457827,1.1645935773849487,1.4633648431662356,0.961611599633188,0.6912289316003973,0.642166863788258,1.0194376851573135,0.9729289665366664,0.42707808902769384,1.2192597461469246,0.44972448660568765,1.2243252631389732,0.7756986907034209,0.7864683451074543,0.5839222037430967,1.568549293460268,1.261166341377027,1.5150260744672832,1.140795400648406,1.4426554080211755,1.5510899225870767,0.811726608059623,0.7597145799434546,0.5836802802302621,1.2085148348952783,0.4945817370757913,1.9911247582146616,0.7100392869024565,1.2308056354522705,1.4433176734230735,0.9335673126307401,0.5901707934610771,1.150605219783205,3.318802237510681,0.5023306721087659,1.7057417856924462,0.6155561546329379,43,0.5757575757575757
0.9649304861974236,1.3048503374812581,0.5242595780979503,1.3288741641574437,0.7494265045782533,0.6350960466596816,0.8966170320607196,0.6557335468253704,0.7860903354606243,1.2129717258491903,1.034623252020942,1.0406038881552342,0.5518983747019912,1.487967433351459,1.2976100806033974,0.8952225145667492,1.5245861862645005,0.7529341572462911,1.3837007753776782,1.0294642014936968,1.129695150587294,2.0808565255367393,0.8001005818145445,0.7764083159090294,0.7930349725665469,0.709877397074844,0.9599569060585716,1.4239523338549067,1.2009634538130327,1.3085937307338522,0.46480194727579754,1.483132728422531,2.0374537573920355,1.3013962928694909,0.9490768307387227,0.44340731339021167,1.1918165707829025,1.5599369569258257,0.9893757598568695,2.6753429355043354,1.5247164639559663,2.4955357445610895,0.8295063811716112,44,0.5656565656565656
0.7231509619288974,0.7804935442076789,0.9105556474791633,1.4824406570858426,0.9925665722952949,0.7885028521219889,1.0436939133538141,1.1307019922468398,1.342606438530816,0.6086665822399987,0.5184721549352009,1.2575451797909207,1.2434205346637301,1.1780292060640123,1.477283000946045,0.794868893093533,1.3797733121448092,0.9268024166425068,0.9101816614468892,0.5509202364418242,0.9249198370509677,2.543763240178426,1.0281581613752577,0.9075132939550612,0.9083566334512498,1.305985344780816,1.4166140158971152,0.6275338696108924,0.6443163520760007,1.1026454236772325,1.1017667187584772,0.8071873519155714,2.2428395880593195,0.5539181265566084,1.412497123082479,1.054709447754754,1.3786605596542358,1.3355356719758775,1.0768716467751398,2.4868943053815102,1.384852025243971,1.799388183487786,0.7448516077994353,45,0.5555555555555556
1.465687014839866,1.4474527402357622,1.0744310075586492,0.9149554426019841,1.4518664533441716,1.482618808746338,0.8555798855694858,0.49107627570629125,0.8911470825021917,1.4200152700597588,1.1939097968014805,0.4634045348926024,0.6201745596798984,0.7212188514796171,0.6508078087459911,1.0352931889620693,0.6095756400715221,1.0976776643232866,1.4932419170032847,1.3351439996199175,1.3433957750147039,1.791583158753135,0.9262346354397861,1.3650284897197378,1.1556235226717861,0.5666469091718848,0.8105131821198897,1.1529586098410867,1.3148397098888052,0.9360935904762961,0.7264272949912332,1.2104580185630105,1.733865044333718,1.4197967919436367,0.5578803365880793,0.9151974266225642,0.5115855674852025,0.552980054508556,0.7840982350436124,3.5180365172299473,0.7242623134092852,2.134007518941706,0.8484399415878849,46,0.5454545454545454
1.1910775562729499,0.6629133718182343,0.6620609718139726,1.2440875636206732,1.1649442670321224,1.1951933786122484,1.3730610163524897,0.9541426475601966,0.6987811820675629,1.0339319212268099,1.2891645359270498,0.9091285689912662,1.3752634139976117,1.2692943907747365,0.7751056840925505,0.7046129408508841,0.9488452781330455,0.7168458206485017,1.0865819249490296,0.9904780923718154,0.5007659495629446,1.5256676375865936,1.513182328204916,0.6421938899791603,0.48786626372373476,0.8677124525561477,1.22977944576379,1.5311442818304504,0.8914976451132033,0.5534417880604966,1.3785611391067505,0.6551207228742465,2.3266324190178302,1.1285027229424678,0.7791070468497999,0.6863466179130053,1.0321928503537419,1.1816221800717441,1.2869542247117167,2.9813064240445994,1.0300683120284417,2.357778954987574,0.7980850162471087,47,0.5353535353535352
0.47831774766397,1.0453295515041159,1.3493185813980872,0.710466186205546,0.684794717364841,0.5432113595683166,0.5291078987747733,1.4084083383733574,1.1287803553571605,0.8003789656090013,0.9740402048284356,1.3407132168008822,0.7679371424395629,0.8356625070475567,1.0400663240991457,1.400784150518552,1.0035019306221393,1.2852915706056534,0.5250568817360233,1.17883577250471,1.2237104261764369,2.2494485017025108,0.5506422706324645,1.0878938376301466,1.3115259324661408,1.2479970238425513,0.7148705395785244,0.9639293882581922,1.007754927933818,1.4744132311657219,0.9435164976601648,1.3261479705271093,1.7062101520673194,0.889257267268017,1.0496644492101186,1.350896165828512,0.8602004099373866,0.9393945535024006,0.5751595810206249,3.048486598814377,0.8720243723705561,1.5865672712374217,0.803407254779621,48,0.5252525252525252
0.5257529751820997,0.6345064405238989,0.8571180863813921,1.331025217518662,1.2582271424206821,1.4974656213413584,0.7834868196285132,0.9718384291186477,1.2387716336683794,1.0916816032294072,0.9430158318895282,1.1509842764247549,1.0997038862921975,0.9258286862662344,0.918759898705916,0.7832893837581981,1.2142604770082417,1.2264844287525523,1.0121907898873994,0.7884698492107969,1.462375648093946,2.030896226565043,0.5972188878240008,1.3647896376523105,0.9868864814440409,0.9407539168993633,0.6520558487285267,0.9732835798552542,1.4353630434383047,0.9891093084306428,1.5000819690299756,1.1001733722108784,1.518513622834827,1.149384769526395,1.014523603699424,1.2251886598991626,0.780984665408279,1.4320860992778432,1.1946526079466848,3.4218161178357676,1.262312069083705,2.5142334230018384,0.8461536535688096,49,0.5151515151515151
1.1552526999001551,1.0049925813771257,1.151606220187563,0.8162391209843183,0.8280126338053231,0.7696583620225541,1.1193386135679302,1.4401796393924289,0.5730147066742484,0.8165521958861688,1.3051771660043734,0.6084110905425718,0.5188333432782781,1.481419912492386,1.1584658719072438,1.074286111677536,0.7716782068965411,0.7536245620611943,0.6052825842240844,1.1158664322862721,0.7978744482753253,1.707807419878064,1.4543719869671445,0.8963583599437367,1.200653015965163,1.179387523670389,1.1499301255351364,1.4442541286198778,0.5413390223426049,1.1102002582164725,0.8303070814922603,0.9766284167164504,2.497685538397895,0.8683737082914873,0.7659401761160957,0.8399599634035669,1.078052944607205,0.6884669619377214,0.9240197015531135,2.591989341107282,0.6480478180779352,1.690023200078444,0.719989739318278,50,0.505050505050505
1.4009471782530196,0.7801510854200884,0.5984617929265956,1.0279685198658643,0.6019477758443716,0.6073553030840074,0.6019718193947667,1.069913393319255,0.7613261950136435,0.7333936814707939,1.1468511615136656,0.9557837338158578,1.4694930688299312,0.5242263040684089,1.294323384159743,0.6433548039258128,0.5728381535019538,1.4143563990641121,0.9883189056858872,0.6839194300800863,1.0809965555113976,1.9553473802527996,0.9038976930608653,1.1019870175255668,0.5816955909584508,1.3379572654011271,0.7545688363036724,1.1761473573819554,1.13991340242251,1.4943450725439822,1.1921316276897083,1.398189102760469,1.9447575976150204,0.6389124851034145,0.5968612300025092,0.5607692610585329,0.6020977898980632,1.052173796326223,1.3922444750564265,3.102697644570861,1.118757969201213,1.9827207411178436,0.814423188881583,51,0.4949494949494949
0.7983197009924687,1.3760744730631511,1.3720919291178386,0.530641409483823,1.0504145766749526,1.1380394444321142,1.2921040852864585,0.5325976790803852,1.4047948663884944,1.4708079713763613,0.6115867007862439,1.2947772632945669,0.9076880252722539,1.0734678904215496,0.5753538789171162,1.4666269475763496,1.3734805367209695,0.5866630149610116,1.3789609851259175,1.4561490723581025,0.6773894338896781,2.265814578894413,1.0602780544396602,0.6570800867947666,1.3549641117905127,0.5581190983454387,1.2914749492298472,0.6525532260085598,0.7718376968846177,0.6115263592113149,0.6100742744676996,0.5304548343022666,2.0295036778305517,1.3376603560014204,1.3050953836152048,1.4201549183238638,1.2547954212535513,0.8453180139715022,0.7332451560280541,2.919863122882265,0.9747581770925812,2.201661312218868,0.7312027124304166,52,0.48484848484848475
0.9514221615261502,0.9216462259340767,1.1076748611951115,0.6489555597907365,1.1939496596654255,1.260921101377468,0.7017720290506729,1.1506618610536208,0.924581801048433,0.9171914614812292,1.058164291911655,1.4736571287867999,1.2565766392332134,1.3117032881939048,0.648744958217698,1.2513697364113547,1.2496947712368436,0.724899519874592,0.8575314951665474,0.9047044648064507,1.3309975332683988,2.1527534169380114,0.8640286067519525,0.5352125656838068,1.3801391076559972,1.4281731880072392,0.903562929293122,1.3023686794319538,1.2400204268368809,0.8034784119538587,1.031893836127387,1.2180505160129431,2.2086736878963436,0.5407663553652138,0.985099935170376,0.8831139056369512,1.2340931916477704,0.8992186935261042,1.3180037062577528,2.842704606778694,0.8488751692001266,1.6026126164378542,0.7359559762149187,53,0.4747474747474747
1.3469841070849484,1.2856922751725322,0.9095445486030194,1.1251127792127202,0.6516711302477904,0.972278685280771,1.4486879459535231,0.7606643715290108,1.2439144572826346,1.1703015240755947,0.7209660808245341,0.7929477318368776,0.868963158491886,0.7807590684505423,1.3582777206343832,0.6340870483957156,0.7106877137916257,1.2762997078173086,1.237422673389165,1.1756478391512475,0.9096021266898724,1.6349574565285385,1.1873266359772345,1.2240338710823444,0.6809287884018638,0.7068865214935457,1.383140043778853,0.8559034846045754,0.6782248062316818,1.1656943908845534,0.6520555380618933,0.855620690066405,1.8193533360356033,1.463127887610233,1.2207284623926336,1.0036183631781375,0.9029169203055025,1.2269383656858193,0.5693698569078638,3.137037729976153,1.176529373785462,2.328272364356301,0.6947959395481252,54,0.46464646464646464
1.111837766387246,0.5768135650591417,1.3171725164760244,0.95785268870267,0.934035675092177,0.686490839177912,0.9883055145090277,0.7853060473095288,1.0665725903077559,1.2429023655978115,0.8704382506283848,0.7111364928158848,1.1296410235491665,1.2181423252279109,1.0231704928658225,1.1496636325662788,0.9144601009108804,0.91025141694329,1.1364310763098977,0.5578778992322359,1.2243771336295388,1.8684118552641436,0.6860692717812279,0.7813384099440142,1.0322155518965288,0.8484172062440353,0.5914422788403252,0.5644206418232485,1.030913298780268,1.2614391391927546,1.2464733882383867,1.2444132349707864,2.2331648631529375,1.0130760127847847,1.3972563418475064,1.319261821833524,1.396196733821522,0.5559077836911788,1.0020079179243608,2.6869338371536946,0.5768878067081625,2.0589002804322676,0.5288918190338995,55,0.4545454545454545
0.7293758922153049,1.1552836630079482,0.6780043443044027,1.4133693906995985,1.420744048224555,1.0892341401841905,1.141409715016683,1.2952102025349936,0.7574359310997857,0.566417051686181,1.3578112920125325,1.0829725795321994,0.7579531669616699,0.7048210965262519,0.796867741478814,0.9542349179585774,1.0728067292107477,1.1092036035325792,0.7729267279307048,1.296251138051351,0.5591594378153484,2.3634815216064453,1.275453143649631,1.435612678527832,0.80368087026808,1.0325758192274306,1.0018376774258084,1.043791029188368,0.9421865940093994,0.7195310195287069,0.9369497564103868,0.6879868242475722,1.7494512001673381,0.9725006421407063,0.697643068101671,0.7548295789294772,0.7423680226008098,1.3078112072414823,0.8765608734554715,3.3038225173950195,1.3862082163492837,1.8824193212721083,0.81679829800377,56,0.4444444444444444
0.7256205885699302,0.8643652002016704,1.2212891373971495,1.1808449499534839,0.8354964515175483,1.1728051563706061,0.7499139555776962,1.1919190245445328,0.9845556225439515,1.3653035224086105,1.4028299288316206,1.1795329012051976,0.817472816115678,1.1169151416932692,1.2841405182173757,1.2909943419273453,0.6178491490356851,0.617599424840224,0.7880127911615854,0.7819349350351277,1.2626208476345948,1.5775367408765086,0.7540959685739845,0.6400962196516269,0.7505831315059855,0.9392981216160938,1.2092428833547264,0.7948878955359411,0.759354363788258,1.286626524395413,1.0889116513608683,0.668436627947923,1.6652376612629554,0.6383748028916543,0.8800185009686634,1.2456721705619733,0.9844692054421011,0.8200908297240133,1.4083254662427036,2.584028953479396,0.746256438469646,2.344935337702433,0.686380660064906,57,0.43434343434343425
1.007730888597893,1.4123727914058801,0.771793210145199,0.7560563123587407,1.30416498039708,0.6185413278413542,1.3256644407908122,0.728236816146157,1.2781224395289565,0.7245041276469375,0.8217711159677217,0.6210582355658214,1.2817003726959229,0.7543808077320908,0.6296862625714504,0.6195403152342999,1.4126303629441694,1.3928579922878381,1.2965114694653135,1.3498888087995127,0.9577702789595633,2.165297204797918,1.3157492261944395,1.1424147576996775,1.3980504888476748,1.1663124705805923,0.741031693689751,1.246173706921664,1.314765366640958,0.744186793312882,0.7433026523301096,1.413389624971332,2.35515655893268,1.3673303922017417,1.0913735158515698,0.7113015127904487,1.110005653265751,1.0552693497050893,0.6974445382754009,3.38857516375455,1.2745860273187812,1.7185327464883977,0.8304399845972892,58,0.4242424242424242
1.2159349521001181,0.7736703359117412,1.0174110441496877,1.311222883185955,1.0732413373812282,0.8544393500896416,0.9140520631664931,0.8563612555012559,1.007780337574506,0.8137283192740546,0.6978351988575675,0.9158160108508486,0.7269182181117511,1.2429132630126645,0.9626105247121869,1.1945636344678474,1.1418880525261463,0.8839364930836842,1.2021532082798505,0.8788404494825035,1.1406116533761073,2.3635719845993353,0.8294104434023,0.8614350087714917,0.8740286507991829,1.2337294985549618,1.2738696697986487,1.0755863394400085,0.951761255360613,0.8670846819877625,1.2839487502069185,0.8974772890408833,1.9116748968760173,1.0612515090691923,1.2345953902812918,0.9546666506564978,0.7278204211080918,0.7309669864298117,1.1471242808332347,2.9714119964175754,0.9308921243205215,1.9026735527346834,0.6136650406257506,59,0.41414141414141414
0.9488587331290197,1.095884053394048,0.9982573046828761,0.9088259417601305,0.605074559498315,1.3441470560401376,1.1558890005554816,1.2180668320318664,0.7316498949070169,1.0036974145908548,1.094951331013381,1.2926938702361752,1.168316773693971,0.8879813907122371,1.1752947316025244,0.914261114717734,0.8761542878969751,1.1196774569424717,0.7176351932564168,1.0398531345405964,0.6632755525184401,1.8043155670166016,1.1121842259108417,1.3352404122400765,1.0740735699432065,0.6592498728723237,0.8763152324792111,0.6925243464383213,1.0725296771887578,1.1524768694482668,0.998391324823553,1.0082904642278498,2.0593359301788636,0.9284378687540691,0.645528064833747,1.055221307157266,1.3590168615784308,1.3742318201546717,0.9545632709156383,3.023638600050801,1.0418694814046223,2.1495218758631234,0.8332345185231563,60,0.404040404040404
0.8766394799405879,0.6798163548563466,0.6070007193607815,0.8224738276366031,0.7904166091572156,1.0467245976130168,0.8643014719991973,0.9294128490216804,1.134013699762749,0.6700743463906376,0.6331736635078083,1.3412249846891924,0.6795246727538832,0.6919964849948883,1.0774167703859734,0.8895896980256746,0.9786383202581694,1.0088107260790737,1.083370327949524,0.6630329611626539,1.3161546822750207,1.7445827839952526,0.9729391751867353,1.2397102442654697,1.1377187064199736,1.3328953295043022,1.3504392017017712,1.330357967001019,0.6724160859982173,1.3023691646980518,1.3413738518050224,0.7918779958378186,2.1393461949897534,1.161178708076477,1.113152345021566,0.7042754039619908,1.0427629008437649,1.21375965349602,1.0914347460775664,3.1729519367218018,1.1087363452622385,1.6513688410773422,0.8484399415878849,61,0.3939393939393939
1.3676725373123628,1.1547563268680765,1.3669355276859165,1.2083673140015265,1.1428967268780024,0.7636019202193829,1.0236813131004872,1.3827025095621743,0.6253482092811604,1.2505219127192642,1.1566841192919797,0.8788984327605276,1.0272387446779192,1.0374480690618957,0.8886559286502876,1.014489077558421,1.0301946991621844,0.9852605167061391,0.6278733120422172,1.2059685894937227,0.8819146264683116,2.0940536296728887,1.0958814885881212,0.9609602244213373,0.9125781071306479,0.7604276814846078,0.9929937642030041,0.911872761418121,1.343009459851968,0.6299571676386728,0.8270667791366577,1.2835693841028695,1.8897210166911886,0.85574170194491,0.915869415408433,1.3820922471056079,0.8792291879653931,0.7095357528840653,0.8120901596666587,2.8332556100806805,0.8221944943822996,2.1920814923565795,0.8429424326729037,62,0.38383838383838376
1.1706679806564795,0.9707611799240112,0.8250961905778057,0.6822292723438956,1.288340207302209,0.9496398212933781,0.6285867665828478,1.0058936446604103,0.8674902542672976,1.1665033920846803,1.271203309598595,0.8125438934022731,0.9721067686273595,0.9607160675405252,0.8099650340248841,0.7832395359121188,1.2735991453883624,1.2385462076977045,0.9209258574427981,0.9757734555186648,1.0019225050704648,2.2769823640283913,0.6612458664058435,1.0383296301870635,1.1980105819124165,0.8424604643474926,1.0724612570772267,0.8117405922725948,0.8994179795486759,0.9084311783915818,1.1025003375429097,0.8203592968709541,2.247238758838538,0.7777117936298101,0.7689871197999126,1.1122616698043515,1.2727439957435684,1.1031850720896865,1.2119658631507795,3.217369469729337,1.3644266501821654,2.0319962922972863,0.8257614122434691,63,0.3737373737373737
0.701734093102542,1.231712731448087,1.1762498075311834,1.0455383820967241,0.9730181910774924,1.229457074945623,1.2408438595858486,0.6947264996441929,1.346646959131414,0.995028474114158,0.9103053266351874,1.0186314149336382,1.2975179932334204,1.2872369072654029,1.3553277362476694,1.3102786757729268,0.7689392891797153,0.7513730634342541,1.3525623841719194,1.095508878881281,0.8140811161561446,1.9446439743041992,1.2818652933294121,0.7790362618186257,0.6753291081298483,1.0631526600230825,0.6950173540548845,1.1542741168629038,1.165842142972079,1.0171015479347922,0.669451802968979,1.092440301721746,1.7352878722277556,1.2056625539606267,1.3404240174727007,0.8379107822071423,0.6568476422266527,0.9801270961761475,0.6945549249649049,2.8015484376387163,0.7136003158309243,1.830258846282959,0.780909335276181,64,0.36363636363636354
0.7067509305597556,0.8702225028866469,0.8672369303125324,0.7947772133229959,0.6969280918740264,1.0808919017965142,1.31812512513363,0.6662121283059771,1.0352661778228451,1.1427570316526623,1.182380549835436,0.7583400661295111,0.7589060062109823,1.0432753562927246,0.7688329897143624,1.0036037510091607,1.1362930042575103,0.7060332748323981,0.8533767823017004,0.7333847520628362,1.0324241079465306,1.6969937743863674,1.1132862134413286,1.2595803653350983,0.7525507332098604,1.2532802808164345,1.0477813410036492,1.1469621032175392,1.1987509414403124,1.3450879544922798,0.9750660164187652,1.0024624304337935,2.2459181498999548,1.240014436269047,0.8243174227801237,0.7674436686616956,0.8796379656502695,0.7784831141582643,0.9282422451057819,3.2443887609424014,1.3136338067777227,2.1245507326993076,0.5390497913325367,65,0.3535353535353535
1.1519557345997202,1.3150859505239159,1.144860939546065,1.1465626340923887,1.016156129162721,0.7512893074690694,0.7615502001059176,1.047392715107311,0.7541598551201099,0.9702540190532953,0.9960537185572614,1.0476646423339844,1.1462104633601025,0.7215862475862407,1.2997166171218408,0.8973184860113895,0.8343836273809876,1.290699212238042,1.2202737451803805,1.196764117539531,0.8004007995730699,2.0860711083267676,0.8330657301527081,0.921894553935889,1.2792016689223473,0.6767099109863994,0.7349717701324309,0.8202182638524759,0.7426811239936135,0.7272436603753254,1.2529612647162542,0.9197224113676283,1.7839081799141083,0.7782686581515302,1.0196337025574964,1.2020513866886948,1.0380757890566432,1.3155505031046242,1.1580380695034758,2.7643556010843526,0.7167457269899773,1.9240056131825303,0.8484399415878849,66,0.3434343434343434
1.3132628202438354,0.7995622257391612,0.6972004845738412,0.9187132517496746,1.1963212092717488,0.991287926832835,1.0834831396738687,1.281762679417928,0.9734900991121929,0.7458237558603287,0.7243379950523378,1.3165902694066365,0.8570292393366497,1.2677062352498372,1.0299479961395264,1.2725955645243325,0.7236690868933996,0.851554811000824,1.1382263898849487,0.9851204951604207,1.2856050729751587,2.254128297170003,1.2234112819035847,1.0760911703109741,0.8568455775578817,0.9936789274215698,1.3131531079610188,0.9215926130612692,1.041581670443217,0.9959075848261516,0.8204094072182974,1.3307074308395386,2.0856374502182007,0.8786449233690898,1.219411849975586,1.0477509895960488,0.6793640765051048,0.8591935634613037,0.7998961905638378,3.109981060028076,1.1200228929519653,1.7743086119492848,0.71621307170162,67,0.33333333333333326
0.8920038204000453,1.0590697779799951,1.2870370113488399,1.252251827355587,0.9170130720042219,1.1682831735321968,0.9697321111505681,0.9867217901981238,1.2355879196012862,1.2250929167776397,1.10773837927616,0.840440673057479,1.2217782145798806,0.96303236604941,0.8597812652587891,0.7988660985773259,1.2600714943625708,1.1596277795656762,0.7926642581669971,1.112105552596275,0.8877339218602036,1.8883640982887961,0.8308721503826103,0.7629425068094273,1.0186333319153449,1.0849427502564708,0.9702144584270438,1.2630985144412876,0.9396570186422328,1.062610240897747,1.049782608494614,0.7476090758737892,1.8954958674883602,1.108234906437421,0.7258998023139106,0.9667522931339765,1.2392363114790483,1.0498141664447207,1.2823070949978297,2.905110734881777,0.8635464292584043,2.26231777306759,0.7453715740811192,68,0.3232323232323232
0.9538010623719958,0.7625809999728445,1.0356840051785865,1.1728556661894827,0.9367672518046216,1.0796191391318737,1.05513485152312,1.2121436680206146,0.9125165078375075,0.8746678425808146,0.8347378710303645,0.967490624297749,0.9739945338229941,0.819460761065435,0.9384416998034777,0.7081147611442239,1.174207318912853,1.0587444473998715,1.0402891057910342,0.8098565051049897,1.0792036766957755,1.8355725753788996,1.2586366395757658,0.7014643245875234,1.1483946713534268,0.905869519469714,1.2280520345225479,0.7601048830482695,1.2628274722532793,1.1828062714952412,0.6920754853636027,1.0851402354962898,1.9439552185511348,0.9800354061704695,1.137040937789763,1.3039820314657808,1.0853672653737694,1.0789319650091307,0.6964027203920514,2.934289893718681,0.9410010865240387,1.858170960286651,0.8493527336125887,69,0.31313131313131304
1.1525167624155679,1.1387847914840235,0.9728208960908832,0.8615597053007646,1.2708375092708701,0.7693203705729861,0.854445547768564,0.8489985140887174,1.2761576031193589,1.0272441271579626,1.0023555394374963,1.1798185073968135,1.2546944401480933,1.0796372962720466,1.0880295580083674,1.1902421315511067,0.8204521609075142,0.9284796642534661,0.7171765159476887,1.2377381469264175,0.768645903377822,2.0345341003302373,0.7004197165369987,1.1395254062883782,0.9687732349742543,1.013503414211851,0.8894387664216937,1.04768147613063,0.7265895049680363,0.8014266834114537,1.1009078098065925,0.8490568182685159,2.074355819008567,1.0294163732817678,0.9980862574143843,0.7650507905266501,0.9827783396749785,0.9859821977037372,1.2249645464348071,3.0507953672698047,1.0000151720913975,2.0205968726765025,0.728548610342364,70,0.303030303030303
1.0011817590154783,0.9930671092235681,1.171075453661909,1.045368204213152,1.1441811299083209,0.8567345220633228,1.159435186723266,0.8482091270311916,1.0850359105100535,1.2221165341560285,1.238833001165679,1.081575384043684,0.7550046154946993,0.9252375394406945,1.1490012973245949,0.929739307273518,0.9348957532584066,1.1726163986957434,0.9622915965138059,0.9072363171914611,1.1612060094120527,2.181004610928622,1.0491264227664832,0.8654500384523411,1.1917294179550324,1.2921132499521428,1.11946975341951,1.1676218413343333,1.0810794517247364,0.8721765526617417,0.889737312841897,1.2124423968671547,1.7459481019865384,1.2570877592973035,0.8080628261421667,0.8669239198318637,1.2618322902255588,1.1610683901141388,0.9056731980256361,2.7605973724463975,0.836326227946715,2.1517183792711507,0.7490012310373712,71,0.2929292929292928
0.8187184658917515,1.1957229122971045,0.8250468969345093,0.7547213663958541,0.8127429545527758,1.2814607716569997,0.7561829192469819,1.0953210917386142,0.747445191698845,0.8017651203906898,0.9046063013751098,0.7766224826225128,1.0225929298786203,1.160783305312648,0.7235496313583972,1.127539938146418,1.0366280247466733,0.8290689762192543,1.2639497843655674,1.0029923410126658,0.9830822751979635,1.9939999604465986,0.9949871410023083,1.2699574605383055,0.7826382042181613,0.7957937560900294,0.841461565759447,0.8607034779558279,0.8685355981191,1.1027795907222864,1.228545843952834,0.8544792876099095,2.2265157506923483,0.7435187155550177,1.2366043148618755,1.0825391441884666,0.8060175457386056,0.7795086737835046,1.0224723286098905,3.228043546580305,1.2112470299306541,1.745884898034009,0.8633776150125686,72,0.28282828282828276
0.8313972841609608,0.8213849230246111,1.1761099100112915,0.9035367098721591,1.0637314319610596,1.1794954104857012,1.032649116082625,1.1505471576343882,0.8911148147149519,1.1679191589355469,0.8751711466095664,0.850676181641492,1.2605289112437856,0.8642813454974781,1.0428952195427634,0.7925916083834388,0.7507582977414131,1.073723392053084,1.0179251865907148,0.9567551992156289,1.1112826412374324,2.04772686958313,1.0115184783935547,0.7671563462777571,0.9588037079030818,1.1468234712427312,0.7388472272591158,1.0338597189296377,0.7673258740793575,0.9100916060534391,0.7625140683217482,0.7407071380452677,2.1620366356589575,0.9458511742678556,1.066808819770813,0.9069897369904951,0.945839063687758,1.0307211442427202,0.8253978978503834,2.8420510427518324,0.7391912540928884,2.118215257471258,0.8846549976286542,73,0.2727272727272727
1.0609059984033757,1.0169905749234287,0.8208895277495336,1.1673836178249783,0.757198035415977,0.9553264343377316,0.9248534139960704,0.9018331730004513,1.2061909425138222,0.7569381715071323,1.2501123457243948,1.0013485701397211,0.9436884227425162,1.1802808323291816,0.9176165937173246,1.1443681355678674,1.246431179720946,0.9247298589860551,0.7714255169184522,1.1263896527916493,0.7581197201001525,1.8116962554478886,0.9623926914099491,1.093739227815108,1.071410475355206,0.7883557036067501,1.0186816490057744,0.7500678944316778,1.240323964995567,1.1054981958986532,1.1153276833620938,1.2067026321334067,1.8573045688446121,1.0598553503402557,0.9188176742707841,1.108451368832829,1.1247128862323184,0.910211119988952,1.2358127748123322,3.142674869961209,1.2020378160958338,1.9872916792378281,0.7129600053549283,74,0.26262626262626254
1.1840242231735076,0.9016112149363817,1.0452544954087999,0.7627824356760642,0.8832253494648019,0.8536411409426218,1.1823776599132654,0.8377026181028348,1.1064168082343209,0.9428315596147018,1.034066733687815,1.2071003721217917,1.05507640766375,0.828692472944356,0.8499108233837167,0.9828241539723945,1.0941949661331947,1.2248425074297973,0.983388576844726,0.7761213041917243,1.1621116893460053,1.9481572647287388,1.2400241415910047,0.9101450196420304,0.7549177702478689,0.9423678023646577,0.9612995470413055,0.9274162180495985,0.9266225581217294,1.1722636848989159,0.9319003085897427,0.9848935339185927,2.106343657079369,1.1915392550555144,0.7701516544277018,1.2165505079307941,0.8541986475689243,1.20574177756454,0.9903848074903392,2.8887693039094557,0.9250552720493741,1.848513470755683,0.7385834603890495,75,0.2525252525252525
0.9700965303363221,1.2013242894952945,0.9638040427005652,1.0093448523319128,1.1525739323009143,1.022401983087713,0.7736494757912377,1.1121241251627603,0.8132973223021537,1.0686835086706912,0.8443108327461012,0.9123687455148408,0.7672919974182593,1.1188016082301284,1.2122771234223335,1.0904344500917376,0.9330041625282981,0.7731899835846642,1.2109777277166192,1.1679145928585166,0.9622184724518746,2.166487578189734,0.7905241323239877,1.2072407982566138,1.1470351074681135,1.1192601521809895,1.1819841789476797,1.1571862480857154,1.1157928813587534,0.8522114103490657,1.2230411876331675,1.0504816517685398,1.8855942523840703,0.808092601371534,1.14449642643784,0.7826758153510817,1.2050504973440457,0.8524987914345481,1.0753101291078508,3.1056581554990825,1.1172118331446792,2.2377185821533203,0.8248225132334864,76,0.24242424242424232
0.8984769408148949,0.948922988742289,0.8037499168304483,1.061057032960834,1.1915625996059842,1.192364732424418,1.194140846079046,0.8098084941656903,1.0510200840054136,0.8577810176695236,1.1072010921709465,0.9489349391725328,1.07201296030873,1.2211296257346567,1.1719316846192485,1.0422654729900938,0.9953165668429751,0.8530646412059515,0.918269567417376,0.8957090106877414,1.057907603003762,2.103260081223767,1.126787473457028,1.135639377314635,1.2149273385905255,0.8963066568278304,0.9003640563801082,0.8389072448316247,0.8808194808285646,0.9483099302860222,0.9497612636498731,0.8337516173569843,1.9928740401460667,1.130050120931683,0.9550447247245095,1.006971573588824,1.0292517175578109,0.7711124782911455,0.9054847534256752,3.0154752394165656,1.036217779824228,1.935378124617567,0.7709228714899126,77,0.23232323232323226
1.1760087543063695,1.1245096259646945,1.1836810641818578,0.8377736343277825,0.996167368359036,0.9305030239952936,0.8871237503157722,1.0029973718855116,0.868971586227417,1.2063992288377552,0.7910117697384622,1.1573290295071073,0.8774318032794529,0.9692244397269355,0.8285809490415785,0.916217115190294,1.02510576777988,1.1506268978118896,1.1285350322723389,1.0289158821105957,0.836381024784512,1.796409315533108,0.8560587233967252,0.9820091062121922,0.8750934137238396,1.0467605855729847,1.1205418109893799,1.081524822447035,1.1557837062411838,1.0089246961805556,1.133553875817193,1.122557110256619,2.0181045532226562,0.8821395503150092,1.0556544462839763,0.9502235518561469,0.9066919485727947,1.1592019663916695,1.0400308238135445,2.987532761361864,0.9793026314841377,2.032663583755493,0.8561676548413886,78,0.2222222222222222
1.062209393038894,0.7908868881111796,0.9329407088684313,1.1936355359626538,0.8685412560448502,0.8012530465017667,1.0958445794654614,1.2057141643581968,0.9553160540985338,1.0471160700826934,0.9722242879145073,1.0841983556747437,1.1160144589164038,1.027671644181916,0.9891763311443906,1.20991000623414,1.1488400372591885,0.9940285935546412,1.0746102766557173,0.8470934060486881,1.2021184292706575,1.9125490387280784,1.094593691103386,1.0173523462179934,1.0414686636491255,1.1607463106964573,0.8410537757656792,1.1921306415037674,0.9839725060896439,1.1609154289419,0.8568814785191508,0.9378447460405754,1.7977781160311268,0.8941888610521952,1.1907772909511218,0.8844910814906611,1.1070054733391963,0.9598576679374232,0.8388432968746533,3.2034642696380615,1.1266673153096978,2.1460985667777783,0.651038859284659,79,0.21212121212121204
0.8121399665721739,1.0595603085527516,1.0719838431387236,0.9873065105592361,1.0582776647625547,1.0853646403611308,0.9713501665327284,0.9663492886707037,1.1224301800583347,0.9418505875751226,1.1320948986091999,0.8162059666532459,0.9381154956239642,0.8092397400225052,1.0924209392432012,0.8585375029631336,0.8655432342278837,1.0089571692726829,0.8831364422133475,1.185588827036848,0.9113217628363407,2.191600274558019,0.9271576211910055,0.882224172052711,0.9358968060426038,0.893947093173711,1.0700492088240807,0.9907523694664541,1.0279718697673141,0.8102070308393903,1.0017517985719624,1.089260231364857,2.182331427179202,1.0940845470235805,0.8803158119471386,1.143322173995201,0.8402794774132546,1.097170550413806,1.1043837479870728,2.8146606153912015,0.8667283491654829,1.8336754242579143,0.7602959238640279,80,0.202020202020202
0.8111712748579908,0.8254678129698292,0.8632106735850826,1.0431318331246424,0.9398966865106063,0.9477237360646027,0.8722979594962766,1.1681857157235194,1.1583724419275918,1.0040600046967014,1.1376208416139235,0.9955533249209625,1.0112367314521713,0.8999388862137843,0.9409458510803455,1.0207265711793996,0.8547975756604262,1.180577081863326,1.08800273350995,0.8402388100371218,0.8136509107896175,2.0989670043039803,0.9404812449156637,0.9919899906774964,1.1442505193479133,1.170776665812791,1.095104304226962,0.9824593127375901,1.1866134043895835,1.014105747444461,0.8311399318503612,1.1665651364759966,2.1015634681239272,0.9932631133782743,0.8975423809253809,1.0850792665674227,0.8301453497825247,0.8679996346584475,0.9670520388718807,2.966348649275423,1.0156639140061658,2.17153490673412,0.8925032489302578,81,0.19191919191919182
1.067463679747148,1.0681196126070889,1.1347211490977893,0.8635100478475745,1.096115003932606,1.140836629000577,1.1801840608770195,0.9639797752553766,0.9108403596011075,0.9175429560921409,0.9648793285543268,1.0970035249536687,0.8546978560360996,1.060832305388017,1.038907159458507,0.9391324953599409,1.1537130529230288,0.820524170656096,0.8668344725262035,1.0956976847215132,1.08745754848827,1.9777964678677646,1.0689009969884697,1.098990657112815,0.883981856432828,0.8832984133200212,0.8907676610079679,1.1783045638691294,0.8573946112936194,0.9770007350228049,1.0566312833265823,0.8379313092340123,1.894550686532801,1.0003322904760186,1.1770205064253372,0.9435211745175448,1.1206256042827258,1.1784538789228958,1.0779770937832918,3.036718173460527,0.9738226803866299,1.904577211900191,0.8561676548413886,82,0.18181818181818177
1.149701956546668,0.9699193299418749,0.9578459985328444,1.0989380316300825,1.0198528573970602,1.0815635317503804,0.9919041774489663,0.8648395125914102,0.850696205791801,0.8920055983042477,0.8496021088777167,1.0591719704444962,1.1379382995644,0.941161582566271,1.1707989362755207,1.1344156096679996,1.0799225520605993,1.0576940570214783,0.921251254852372,0.9788890800090752,0.9646502588734482,1.8951918386449718,0.8772699685409817,0.9066571975597228,1.0205974639064135,0.9460399066558993,1.1158831468736283,1.0437492300765683,1.07036896907922,0.844322937004494,0.9175811175144081,1.0228846085191978,2.0782657897833623,1.1663598532628532,1.0638022254211734,0.8298205782593502,0.9546993477175935,0.9165939791033967,0.9130277898576525,2.8655861763641086,1.1152545045120548,1.9868049483106593,0.856620055218978,83,0.1717171717171716
0.922860607956395,1.0984836154513888,1.0334633143261225,0.9325412692445697,0.8719043779854824,0.841896349131459,1.0580522556497594,1.017284585972025,1.070934083726671,1.1315972877271248,1.0649218125776811,0.8653382845599242,0.9900258478492198,1.0854881363685684,0.9149794482221507,0.9151133479494038,0.9299924253213285,0.9429064760304461,1.1183596524325283,1.0485228143557153,1.11553357827543,2.004423661665483,1.0963528180363202,1.0068842955309936,0.9207561184661557,1.0151058543812144,0.9521247690374202,0.8905834718184038,0.9439376484264027,1.1380319691667653,1.1340709262424045,0.9848420981204871,1.9345423091541638,0.8481472375416997,0.9706182576189137,1.1232939248133187,1.0055614625564728,1.0347412764424024,1.1259897212789516,3.1358579577821675,0.901560243934092,2.071491742374921,0.7301422293307482,84,0.16161616161616155
0.9937919775644938,0.9294627164349412,1.120425820350647,0.98090563398419,0.8905513187249502,0.9631575833667408,0.942516034299677,0.8883869250615438,0.916371965047085,0.9974796717817133,0.8931000855836001,0.8949436436999928,1.1072271664937336,1.0057520107789473,0.8698237131942402,0.8534579067067667,0.9731026544715419,0.9881496212699196,0.9622717860973242,0.9151286979516348,0.8963239879319163,2.1284486416614414,0.8780063359123288,1.0410074537450615,0.9940315159884365,0.9855737342978969,1.1362448027639678,1.1096027728283042,1.0957902272542317,1.0747245369535503,0.9949378768603007,1.0914356925270774,1.9853641336614436,1.1073532393484404,1.0802463834935967,0.9801075548836679,1.1423324780030684,1.0479115319974495,0.8673049597577616,3.1004228989283242,0.8817685743172964,1.8786397255731353,0.856620055218978,85,0.1515151515151515
1.0968785237784338,1.1060803803530606,0.8935916095671028,1.1203669442070856,1.0616339746147696,1.1048367914527355,1.03036972248193,1.0610147172754463,1.019622301814532,1.0647369370316015,1.0278946317807593,1.03368345896403,0.9341199133131239,0.8799017261375082,1.0905923722970365,1.102501874018197,1.029106207568236,1.0134838927875867,1.133479963649403,1.121948095283123,1.0246374871995714,1.9633883273962773,1.123999884634307,0.8914395347990172,1.0580820700134894,1.052899637607613,0.9993688662846884,0.952891979554687,0.9193562040425312,0.9574913653460416,1.091726216402921,0.9114044772254097,2.0064818377446647,0.8950918617874686,0.8641058795078838,1.0173424084981284,0.8965760674139467,0.9847317934036255,1.0917237045789006,2.8989164341579783,1.1369879703329067,2.097000321956596,0.27556641497586426,86,0.14141414141414133
1.0239484924258608,0.9080693589316474,1.0347974613459423,0.9288527854163238,1.1258623094269722,1.0010826599718343,0.8977453735741703,1.076563171666078,1.0659634103678695,1.0821516212790903,1.1165562362381907,1.1212340448841904,1.0607567712514088,1.1125764593933567,1.0551854468355275,0.9813446962472164,1.080010595947805,0.9082602133052518,1.0326894028018219,0.9645984919384273,0.9491997776609479,1.9008655308774023,0.9715265342683503,1.1009496558796275,0.8908502197626865,1.0881664162934428,1.0267572126003226,0.8771784442542779,1.025576356685523,0.9320198667771888,0.9243743350409498,1.0524776307019321,1.8792399094261305,0.9642915454777804,0.9588978832418269,1.0889107362188475,1.0417493365027688,1.0803864267137315,0.9618331404647442,3.0395859576234914,0.9379547063750451,2.029959467926411,0.7495183185901858,87,0.13131313131313127
0.9338641708547419,1.0019527059612852,0.9658806901989562,1.054482720114968,0.983842286196622,0.938485420111454,1.068530935229677,0.9660798419605602,0.97807028799346,0.9008724490801494,0.9517740408579509,0.9540065418590199,0.9147240537585635,0.9944833914438883,0.9907158577080929,1.0503238475683963,0.9383414514137037,1.0902968030987363,0.8855805342847651,1.010714343099883,1.1064071799769546,2.042624675866329,1.0122623299107407,0.9673260486487186,1.087110259316184,0.8880230007749617,0.8999810200749022,1.0014689618890935,0.9990653702707002,1.0862730055144338,1.0293228987491492,0.9562879981416645,2.117624470681855,1.0365004828481963,1.015959884181167,0.9300785967797944,0.9876257939772173,0.8977732188773878,1.0058301578868518,2.960942203348333,1.0344661654848042,1.9578636415076978,0.6715444136729386,88,0.1212121212121211
0.922751267751058,0.9919178419642979,1.0499575667911105,1.1074733204311795,1.0766264465120103,0.9065406289365557,0.9641227920850118,0.931985530588362,0.9249181548754375,1.110968616273668,0.9693229132228428,0.9829755028088888,0.9631522099177043,1.099520418379042,1.084150791168213,0.9046930140919156,1.0325150887171428,0.9578164484765795,0.9932224882973566,0.9737375378608704,0.9411376416683197,1.949803630510966,0.9897400074534947,1.0467809041341147,1.037297871377733,1.0961275100708008,0.9264863034089407,0.9571277035607233,0.924749791622162,0.9169548650582632,0.9801020887162951,0.9806757105721369,2.075280096795824,1.0659245120154488,1.0873110426796808,1.0617796182632446,0.9412428736686707,1.0054831372367012,0.9184508356783125,3.003619525167677,0.9986157748434279,2.0902941756778293,0.8534482165638596,89,0.11111111111111105
1.0082469468164925,1.0653879811065363,0.952349861462911,0.9943845500849714,0.9589838343437272,1.0333966630877869,1.0020908707320086,1.0309066820626307,1.0008707696741277,0.9436366166731325,1.0758799278374873,1.0671812500616515,1.0594036868124295,0.9788565888549342,0.9266352496965968,1.0589889829809014,0.9671874925343678,1.043152341938982,1.076349985719931,1.0438573986592918,1.0016468221491033,2.0918961293769605,1.0227940082550049,0.9076585095338148,0.9783485947233258,0.9388804218985818,1.0309604586976946,1.0562989591348049,1.0620547207919033,1.0559870402018228,1.0518262506735443,1.0089188296385485,1.9248536879366096,0.9371023611588912,0.9271055363645458,0.9302871179099036,1.080551631522901,0.9716119693987297,1.1001653888008809,2.9909137655990294,1.0201466107609296,1.9295253735600097,0.7927270458889166,90,0.10101010101010088
1.0529873046008023,0.9238144254142588,1.0893837213516235,1.0331713503057307,0.9100686719810421,1.0836174379695545,0.9130198156291789,1.0644129189577969,1.0572294213555076,0.9674159613522617,1.006052472374656,1.0436346856030552,0.9461158134720543,1.0197152224454014,0.9596862251108343,0.9970479011535645,0.9103727801279589,0.9290039105848833,1.0055401867086238,0.9123313040895896,0.9731044931845232,2.038316108963706,0.9153943888165734,1.0832063501531426,1.0494275201450693,0.9606601162390276,0.956152926791798,1.018679922277277,0.978199075568806,1.0247033617713235,0.9352879442951897,0.9258836561983282,2.033610463142395,0.9633830839937384,0.9891262054443359,0.9990697719834067,0.9863389838825573,1.0685021877288818,0.9937073263255033,3.0841049606149844,0.9332298500971361,1.9859987551515752,0.6105001663000555,91,0.09090909090909083
0.9847943951385191,1.0308342365303425,0.924107095809898,0.9479806688096789,1.0133373376094934,0.9670137636589282,1.051464379435838,0.9673247289175939,0.9949870157723475,1.0134778841577397,0.952047003640069,0.9218419796288616,1.0270924423680161,0.926971344032673,1.0030131099200008,1.022182406801166,1.0724841609145657,1.0642380666251134,0.9389152719516948,1.052168171815198,1.0631495485402118,1.9240400363700558,1.060715376728713,0.9660658402876421,0.9267668766204757,1.0130546068904376,1.0493784528790098,0.931519232615076,1.004184694001169,0.9623945698593602,1.0078074041039053,1.074072433240486,1.9754912395669957,1.0352244039978644,1.035050989401461,1.0190672151970142,1.0344831293279475,0.9558984534909027,1.027620007293393,2.923128717475467,1.044262317696003,2.022086981571082,0.678432228904606,92,0.08080808080808077
0.9822124044100443,0.9609180812281792,0.9961106175124043,0.9341719056470227,1.0243868189628678,0.9522692284198723,0.9574980853181897,1.0531595271043102,1.067101220891933,0.9297032167551795,1.019233044951853,0.959303964569111,0.9339328572304563,0.9708556388363694,1.0234312722177215,1.0153755154272521,1.0459089700621786,1.0369886653591887,1.019128686249858,0.9715525519968283,0.9425112788725382,1.9871187679695361,0.9583359345643208,0.9900071885850694,0.9559283301685796,0.9892519893068256,0.9863186340139369,1.0564978508034135,0.9325159403561343,0.9415062500370874,0.9457525823152427,0.9710436842658303,1.9859989496192547,0.9882637382757784,0.9452894426355459,0.938485464513904,1.0413059092531298,0.934745154672801,0.9690281351407369,2.9610284708365047,1.0574744698977228,1.9310078888642368,0.0,93,0.07070707070707061
1.0543279431082986,1.0138129971244119,1.0013736883799236,1.005667802059289,0.9660970496408867,1.0111633358579692,1.048772855238481,0.9955988725026449,0.9781676783706202,1.0340767195730498,0.9537732583103758,1.0071439959786155,1.0107381560585715,1.0438811562278054,0.9893835602384625,0.9711791529799952,0.9545550418622566,0.96744161121773,0.9670073390007019,1.0126307733131177,1.0197886192437373,2.043060201587099,1.0437367323673132,1.039271267977628,1.0598072427691836,1.023072611201893,1.050810582710035,0.9922117211601951,1.0465063109542383,1.0533753669623172,1.0253105669310598,1.0195995533105098,2.0079756650057705,1.0082770044153386,1.043443267995661,1.0531029556736802,0.9472552483732051,1.0395533388311213,1.0128086552475437,3.034631620753895,0.946932315826416,2.0367836157480874,0.6105001663000555,94,0.06060606060606055
1.019860929912991,0.9855169804409297,0.9734200175964471,0.9864592937508015,0.9956655532422692,1.0285970502429538,0.9874423248599274,0.9539089481336903,0.9496639239592385,1.017935988878963,0.9964432132364524,1.0407507443668866,0.9912375783679461,0.9630492474093583,0.9548821173834079,1.045065428271438,0.9966964818010426,1.0069478364905926,0.9863335008573051,0.9659461114141676,0.994470684817343,2.0108274004676123,0.9780479284247967,0.9673173885152798,0.9871149930087003,1.0294605349049424,0.9551039000954292,0.9694572569745961,0.9802091356479761,1.0080898072984483,0.981150816787373,0.9706249977603104,1.9618447504260323,1.0431090292304452,1.0034783885936545,1.0162746930363202,1.010374043927048,0.993681934746829,0.9568983626486076,2.9791668099586412,1.0219241115781996,2.0028966111366193,0.0,95,0.050505050505050386
0.9694267800360016,1.040136756318988,1.022314890466555,1.0298342271284622,1.0307025235108653,0.9969984738513676,1.0164552457404858,1.0093517544293644,1.0129304173016789,0.99311787913544,1.0235004714041045,0.9892747787514118,1.0375649471475619,1.0169799303767655,1.024737213597153,0.9730931713123514,1.0014971627129448,0.9925261121807676,1.0219923992349642,1.0402807707738393,1.0252062864977902,1.9725970379029862,1.010279939632223,1.0057450882112136,1.0054444592408458,0.9667322677795334,1.0007143839441164,1.0187375521419022,1.013329708214962,0.9956278632385562,1.0380437253701564,1.027616313009551,2.0332079511700254,0.9668502530666313,0.9848152796427408,0.9828712795719956,0.9798255472472219,1.0169407382155908,1.0246615409851072,3.018747498290707,0.9849876321927465,1.9829179277323714,0.4837452569711093,96,0.04040404040404033
0.9757350827708389,0.9824645528287599,1.0047261389819058,1.0145099126931392,0.9803825589743528,0.9880542592568831,0.9998832453380931,1.0081938288428567,0.9866125168222369,1.0142458568919788,1.0009766636472759,1.022404381723115,0.992643188346516,0.9886128721815167,1.0119992133342859,1.0067238265817815,1.0070007714358242,0.9755910011855039,0.9700700211705584,1.0182697917475845,1.0294616728117971,2.0040795369581743,1.0243873849059595,0.9787202739354336,0.973933295770125,1.02504829565684,1.0135030818708015,1.0262913342678186,1.026323145086115,0.9830617805322012,1.0300167871244026,0.9938877351356276,1.99778003764875,1.0249606696042148,1.029074737519929,1.0197717276486484,1.0208557880286013,1.007537224076011,0.9995975024772413,3.002909367734736,1.005268880815217,1.9941544966264204,0.4837452569711093,97,0.030303030303030276
1.0083553357557817,1.0027634158278957,0.996511530394506,0.9896470187890409,1.0090572352361198,1.0182382723297736,1.0068732921523278,0.9880172760799678,1.0176623060245706,0.9992767391782819,0.988744485257852,0.9961925540307556,1.019910626941257,1.0139618666485102,0.9976858478603942,0.9906203951498476,0.9972458259023801,1.015336573725999,1.004006397844565,0.9840633288176374,0.9902669143195104,1.985383916984905,0.9822932564549977,1.003948991948908,1.015074635996963,0.9883184878513067,0.9882400794462725,0.996018602390482,0.9811971238767259,1.0149674343340325,0.9934434914829755,1.000768663907292,2.0001382490601203,0.9827703273657598,0.9895796872148611,0.9878518033509304,0.9801559512211819,0.9907679979247277,1.0054741050257827,2.999386610406818,0.9977319156280672,2.0066251562099264,0.0,98,0.02020202020202011
1.0091614386047978,0.9968352083003882,1.0069153718274049,1.0082223523746836,1.0091554829568572,1.0035032070044314,0.993421444387147,0.9957017790187489,1.0049243635601466,0.9913115688044616,0.9962162694545708,0.99113745114418,0.9899977578809768,0.9929375079545107,0.9915866079655561,1.0092742563498138,0.9944097818148256,0.9958605344849404,1.009977299757678,1.0031648717745385,1.002082414097256,1.997703448088482,1.002193874782986,0.9980169685200007,0.9998851629218669,0.9962062643031881,1.006314977250918,0.9946229527092944,1.0030931523351958,1.004650785465433,1.0040428253135294,0.9918100127969126,1.9911186616830152,0.9986533703226032,0.9986517832736775,0.9982735099214496,1.0006770894985006,1.0096238719092474,0.9933222755037173,3.009946265605965,1.0058280614891437,2.0078132923203285,0.0,99,0.010101010101010055
1.0,1.0,1.0,1.0,1.0,1.0,1.0,1.0,1.0,1.0,1.0,1.0,1.0,1.0,1.0,1.0,1.0,1.0,1.0,1.0,1.0,2.0,1.0,1.0,1.0,1.0,1.0,1.0,1.0,1.0,1.0,1.0,2.0,1.0,1.0,1.0,1.0,1.0,1.0,3.0,1.0,2.0,0.0,100,0.0
